INSERT INTO holiday VALUES ('2022-01-01', 'New Year Day');

INSERT INTO holiday VALUES ('2022-02-01', 'Chinese New Year');

INSERT INTO holiday VALUES ('2022-02-02', 'Chinese New Year');

INSERT INTO holiday VALUES ('2022-04-15', 'Good Friday');

INSERT INTO holiday VALUES ('2022-05-01', 'Labour Day');

INSERT INTO holiday VALUES ('2022-05-02', 'Labour Day (PH)');

INSERT INTO holiday VALUES ('2022-05-03', 'Hari Raya Puasa');

INSERT INTO holiday VALUES ('2022-05-15', 'Vesak Day');

INSERT INTO holiday VALUES ('2022-05-16', 'Holiday');

INSERT INTO holiday VALUES ('2022-07-10', 'Hari Raya Haji');

INSERT INTO holiday VALUES ('2022-07-11', 'Hari Raya Haji (PH)');

INSERT INTO holiday VALUES ('2022-08-09', 'National Day');

INSERT INTO holiday VALUES ('2022-10-24', 'Deepavali');

INSERT INTO holiday VALUES ('2022-12-25', 'Christmas Day');

INSERT INTO holiday VALUES ('2022-12-26', 'Christmas Day (PH)');


INSERT INTO fee_schedule VALUES ('Weekday', 'Holiday', '07:00 - 08:00', 'Peak');

INSERT INTO fee_schedule VALUES ('Weekday', 'Holiday', '08:00 - 09:00', 'Peak');

INSERT INTO fee_schedule VALUES ('Weekday', 'Holiday', '09:00 - 10:00', 'Peak');

INSERT INTO fee_schedule VALUES ('Weekday', 'Holiday', '10:00 - 11:00', 'Peak');

INSERT INTO fee_schedule VALUES ('Weekday', 'Holiday', '11:00 - 12:00', 'Peak');

INSERT INTO fee_schedule VALUES ('Weekday', 'Holiday', '12:00 - 13:00', 'Peak');

INSERT INTO fee_schedule VALUES ('Weekday', 'Holiday', '13:00 - 14:00', 'Peak');

INSERT INTO fee_schedule VALUES ('Weekday', 'Holiday', '14:00 - 15:00', 'Peak');

INSERT INTO fee_schedule VALUES ('Weekday', 'Holiday', '15:00 - 16:00', 'Peak');

INSERT INTO fee_schedule VALUES ('Weekday', 'Holiday', '16:00 - 17:00', 'Peak');

INSERT INTO fee_schedule VALUES ('Weekday', 'Holiday', '17:00 - 18:00', 'Peak');

INSERT INTO fee_schedule VALUES ('Weekday', 'Holiday', '18:00 - 19:00', 'Peak');

INSERT INTO fee_schedule VALUES ('Weekday', 'Holiday', '19:00 - 20:00', 'Peak');

INSERT INTO fee_schedule VALUES ('Weekday', 'Holiday', '20:00 - 21:00', 'Peak');

INSERT INTO fee_schedule VALUES ('Weekday', 'Holiday', '21:00 - 22:00', 'Peak');

INSERT INTO fee_schedule VALUES ('Weekday', 'Non-Holiday', '07:00 - 08:00', 'Non-Peak');

INSERT INTO fee_schedule VALUES ('Weekday', 'Non-Holiday', '08:00 - 09:00', 'Non-Peak');

INSERT INTO fee_schedule VALUES ('Weekday', 'Non-Holiday', '09:00 - 10:00', 'Non-Peak');

INSERT INTO fee_schedule VALUES ('Weekday', 'Non-Holiday', '10:00 - 11:00', 'Non-Peak');

INSERT INTO fee_schedule VALUES ('Weekday', 'Non-Holiday', '11:00 - 12:00', 'Non-Peak');

INSERT INTO fee_schedule VALUES ('Weekday', 'Non-Holiday', '12:00 - 13:00', 'Non-Peak');

INSERT INTO fee_schedule VALUES ('Weekday', 'Non-Holiday', '13:00 - 14:00', 'Non-Peak');

INSERT INTO fee_schedule VALUES ('Weekday', 'Non-Holiday', '14:00 - 15:00', 'Non-Peak');

INSERT INTO fee_schedule VALUES ('Weekday', 'Non-Holiday', '15:00 - 16:00', 'Non-Peak');

INSERT INTO fee_schedule VALUES ('Weekday', 'Non-Holiday', '16:00 - 17:00', 'Non-Peak');

INSERT INTO fee_schedule VALUES ('Weekday', 'Non-Holiday', '17:00 - 18:00', 'Non-Peak');

INSERT INTO fee_schedule VALUES ('Weekday', 'Non-Holiday', '18:00 - 19:00', 'Peak');

INSERT INTO fee_schedule VALUES ('Weekday', 'Non-Holiday', '19:00 - 20:00', 'Peak');

INSERT INTO fee_schedule VALUES ('Weekday', 'Non-Holiday', '20:00 - 21:00', 'Peak');

INSERT INTO fee_schedule VALUES ('Weekday', 'Non-Holiday', '21:00 - 22:00', 'Peak');

INSERT INTO fee_schedule VALUES ('Weekend', 'Holiday', '07:00 - 08:00', 'Peak');

INSERT INTO fee_schedule VALUES ('Weekend', 'Holiday', '08:00 - 09:00', 'Peak');

INSERT INTO fee_schedule VALUES ('Weekend', 'Holiday', '09:00 - 10:00', 'Peak');

INSERT INTO fee_schedule VALUES ('Weekend', 'Holiday', '10:00 - 11:00', 'Peak');

INSERT INTO fee_schedule VALUES ('Weekend', 'Holiday', '11:00 - 12:00', 'Peak');

INSERT INTO fee_schedule VALUES ('Weekend', 'Holiday', '12:00 - 13:00', 'Peak');

INSERT INTO fee_schedule VALUES ('Weekend', 'Holiday', '13:00 - 14:00', 'Peak');

INSERT INTO fee_schedule VALUES ('Weekend', 'Holiday', '14:00 - 15:00', 'Peak');

INSERT INTO fee_schedule VALUES ('Weekend', 'Holiday', '15:00 - 16:00', 'Peak');

INSERT INTO fee_schedule VALUES ('Weekend', 'Holiday', '16:00 - 17:00', 'Peak');

INSERT INTO fee_schedule VALUES ('Weekend', 'Holiday', '17:00 - 18:00', 'Peak');

INSERT INTO fee_schedule VALUES ('Weekend', 'Holiday', '18:00 - 19:00', 'Peak');

INSERT INTO fee_schedule VALUES ('Weekend', 'Holiday', '19:00 - 20:00', 'Peak');

INSERT INTO fee_schedule VALUES ('Weekend', 'Holiday', '20:00 - 21:00', 'Peak');

INSERT INTO fee_schedule VALUES ('Weekend', 'Holiday', '21:00 - 22:00', 'Peak');

INSERT INTO fee_schedule VALUES ('Weekend', 'Non-Holiday', '07:00 - 08:00', 'Peak');

INSERT INTO fee_schedule VALUES ('Weekend', 'Non-Holiday', '08:00 - 09:00', 'Peak');

INSERT INTO fee_schedule VALUES ('Weekend', 'Non-Holiday', '09:00 - 10:00', 'Peak');

INSERT INTO fee_schedule VALUES ('Weekend', 'Non-Holiday', '10:00 - 11:00', 'Peak');

INSERT INTO fee_schedule VALUES ('Weekend', 'Non-Holiday', '11:00 - 12:00', 'Peak');

INSERT INTO fee_schedule VALUES ('Weekend', 'Non-Holiday', '12:00 - 13:00', 'Peak');

INSERT INTO fee_schedule VALUES ('Weekend', 'Non-Holiday', '13:00 - 14:00', 'Peak');

INSERT INTO fee_schedule VALUES ('Weekend', 'Non-Holiday', '14:00 - 15:00', 'Peak');

INSERT INTO fee_schedule VALUES ('Weekend', 'Non-Holiday', '15:00 - 16:00', 'Peak');

INSERT INTO fee_schedule VALUES ('Weekend', 'Non-Holiday', '16:00 - 17:00', 'Peak');

INSERT INTO fee_schedule VALUES ('Weekend', 'Non-Holiday', '17:00 - 18:00', 'Peak');

INSERT INTO fee_schedule VALUES ('Weekend', 'Non-Holiday', '18:00 - 19:00', 'Peak');

INSERT INTO fee_schedule VALUES ('Weekend', 'Non-Holiday', '19:00 - 20:00', 'Peak');

INSERT INTO fee_schedule VALUES ('Weekend', 'Non-Holiday', '20:00 - 21:00', 'Peak');

INSERT INTO fee_schedule VALUES ('Weekend', 'Non-Holiday', '21:00 - 22:00', 'Peak');


INSERT INTO maintenance VALUES ('Badminton', 2500, 5000, 2500);

INSERT INTO maintenance VALUES ('Basketball', 2500, 5000, 2500);

INSERT INTO maintenance VALUES ('Netball', 1000, 1500, 1000);

INSERT INTO maintenance VALUES ('Table_tennis', 2500, 5000, 2500);

INSERT INTO maintenance VALUES ('Volleyball', 1500, 3000, 1500);


INSERT INTO booking_fee VALUES ('Badminton', '2021-12-31', '2021-01-01', 6, 4);

INSERT INTO booking_fee VALUES ('Basketball', '2021-12-31', '2021-01-01', 30, 25);

INSERT INTO booking_fee VALUES ('Netball', '2021-12-31', '2021-01-01', 25, 12);

INSERT INTO booking_fee VALUES ('Table_tennis', '2021-12-31', '2021-01-01', 4, 3);

INSERT INTO booking_fee VALUES ('Volleyball', '2021-12-31', '2021-01-01', 20, 10);

INSERT INTO booking_fee VALUES ('Badminton', '2099-12-31', '2022-01-01', 8, 5);

INSERT INTO booking_fee VALUES ('Basketball', '2099-12-31', '2022-01-01', 40, 30);

INSERT INTO booking_fee VALUES ('Netball', '2099-12-31', '2022-01-01', 30, 15);

INSERT INTO booking_fee VALUES ('Table_tennis', '2099-12-31', '2022-01-01', 5, 4);

INSERT INTO booking_fee VALUES ('Volleyball', '2099-12-31', '2022-01-01', 30, 15);


INSERT INTO facility VALUES ('Badminton_1', 'Badminton', '07:00 - 22:00', 'Y', 'Y', '13.4m x 6.1m');

INSERT INTO facility VALUES ('Badminton_2', 'Badminton', '07:00 - 22:00', 'Y', 'Y', '13.4m x 6.1m');

INSERT INTO facility VALUES ('Badminton_3', 'Badminton', '07:00 - 22:00', 'Y', 'Y', '13.4m x 6.1m');

INSERT INTO facility VALUES ('Badminton_4', 'Badminton', '07:00 - 22:00', 'Y', 'Y', '13.4m x 6.1m');

INSERT INTO facility VALUES ('Badminton_5', 'Badminton', '07:00 - 22:00', 'Y', 'Y', '13.4m x 6.1m');

INSERT INTO facility VALUES ('Badminton_6', 'Badminton', '07:00 - 22:00', 'Y', 'Y', '13.4m x 6.1m');

INSERT INTO facility VALUES ('Badminton_7', 'Badminton', '07:00 - 22:00', 'Y', 'Y', '13.4m x 6.1m');

INSERT INTO facility VALUES ('Badminton_8', 'Badminton', '07:00 - 22:00', 'Y', 'Y', '13.4m x 6.1m');

INSERT INTO facility VALUES ('Badminton_9', 'Badminton', '07:00 - 22:00', 'Y', 'Y', '13.4m x 6.1m');

INSERT INTO facility VALUES ('Badminton_10', 'Badminton', '07:00 - 22:00', 'Y', 'Y', '13.4m x 6.1m');

INSERT INTO facility VALUES ('Badminton_11', 'Badminton', '07:00 - 22:00', 'Y', 'Y', '13.4m x 6.1m');

INSERT INTO facility VALUES ('Badminton_12', 'Badminton', '07:00 - 22:00', 'Y', 'Y', '13.4m x 6.1m');

INSERT INTO facility VALUES ('Basketball_1', 'Basketball', '07:00 - 22:00', 'Y', 'Y', '28m x 15m');

INSERT INTO facility VALUES ('Basketball_2', 'Basketball', '07:00 - 22:00', 'Y', 'Y', '28m x 15m');

INSERT INTO facility VALUES ('Basketball_3', 'Basketball', '07:00 - 22:00', 'Y', 'Y', '28m x 15m');

INSERT INTO facility VALUES ('Netball_1', 'Netball', '07:00 - 22:00', 'Y', 'Y', '30.5m x 15.25m');

INSERT INTO facility VALUES ('Table_tennis_1', 'Table_tennis', '07:00 - 22:00', 'Y', 'Y', '2.74m x 1.525m');

INSERT INTO facility VALUES ('Table_tennis_2', 'Table_tennis', '07:00 - 22:00', 'Y', 'Y', '2.74m x 1.525m');

INSERT INTO facility VALUES ('Table_tennis_3', 'Table_tennis', '07:00 - 22:00', 'Y', 'Y', '2.74m x 1.525m');

INSERT INTO facility VALUES ('Table_tennis_4', 'Table_tennis', '07:00 - 22:00', 'Y', 'Y', '2.74m x 1.525m');

INSERT INTO facility VALUES ('Table_tennis_5', 'Table_tennis', '07:00 - 22:00', 'Y', 'Y', '2.74m x 1.525m');

INSERT INTO facility VALUES ('Table_tennis_6', 'Table_tennis', '07:00 - 22:00', 'Y', 'Y', '2.74m x 1.525m');

INSERT INTO facility VALUES ('Table_tennis_7', 'Table_tennis', '07:00 - 22:00', 'Y', 'Y', '2.74m x 1.525m');

INSERT INTO facility VALUES ('Table_tennis_8', 'Table_tennis', '07:00 - 22:00', 'Y', 'Y', '2.74m x 1.525m');

INSERT INTO facility VALUES ('Table_tennis_9', 'Table_tennis', '07:00 - 22:00', 'Y', 'Y', '2.74m x 1.525m');

INSERT INTO facility VALUES ('Table_tennis_10', 'Table_tennis', '07:00 - 22:00', 'Y', 'Y', '2.74m x 1.525m');

INSERT INTO facility VALUES ('Volleyball_1', 'Volleyball', '07:00 - 22:00', 'Y', 'Y', '18m x 9m');

INSERT INTO facility VALUES ('Volleyball_2', 'Volleyball', '07:00 - 22:00', 'Y', 'Y', '18m x 9m');


INSERT INTO member VALUES ('Jarrett', 'Cho', 'jolney0@amazon.de', 'Male', 'Quality Engineer', '1990-05-29', '9833 5887', 123456);

INSERT INTO member VALUES ('Immanuel', 'Wee', 'ilamie1@salon.com', 'Male', 'Actuary', '1997-04-17', '9304 1094', 123456);

INSERT INTO member VALUES ('Kori', 'Teo', 'kdelort2@comsenz.com', 'Female', 'Analog Circuit Design manager', '1974-05-01', '9464 0989', 123456);

INSERT INTO member VALUES ('Arthur', 'Jia', 'alinnett3@oaic.gov.au', 'Male', 'Dental Hygienist', '1990-05-06', '9106 1610', 123456);

INSERT INTO member VALUES ('Charil', 'Wan', 'ckenneway4@psu.edu', 'Female', 'Senior Financial Analyst', '2001-10-23', '9106 6727', 123456);

INSERT INTO member VALUES ('Alana', 'Yip', 'afranckton5@archive.org', 'Female', 'Recruiter', '1996-12-08', '9493 8814', 123456);

INSERT INTO member VALUES ('Morey', 'Feng', 'mchild6@imdb.com', 'Male', 'Senior Cost Accountant', '1987-10-06', '9885 5480', 123456);

INSERT INTO member VALUES ('Sutton', 'Ding', 'srigts7@webs.com', 'Male', 'Speech Pathologist', '1976-01-04', '9729 5965', 123456);

INSERT INTO member VALUES ('Korella', 'Lu', 'krawson8@independent.co.uk', 'Female', 'Sales Associate', '2000-10-17', '9622 4446', 123456);

INSERT INTO member VALUES ('Molli', 'Liang', 'mspeir9@arstechnica.com', 'Female', 'Systems Administrator II', '1988-04-24', '9894 7561', 123456);


INSERT INTO booking VALUES ('2022-01-01', '07:00 - 08:00', 'Badminton_1', 'jolney0@amazon.de', 'Weekend', 'Holiday');

INSERT INTO booking VALUES ('2022-01-01', '08:00 - 09:00', 'Badminton_1', 'jolney0@amazon.de', 'Weekend', 'Holiday');

INSERT INTO booking VALUES ('2022-01-01', '09:00 - 10:00', 'Badminton_1', 'jolney0@amazon.de', 'Weekend', 'Holiday');

INSERT INTO booking VALUES ('2022-01-01', '10:00 - 11:00', 'Badminton_1', 'jolney0@amazon.de', 'Weekend', 'Holiday');

INSERT INTO booking VALUES ('2022-01-01', '11:00 - 12:00', 'Badminton_1', 'jolney0@amazon.de', 'Weekend', 'Holiday');

INSERT INTO booking VALUES ('2022-01-01', '12:00 - 13:00', 'Badminton_1', 'jolney0@amazon.de', 'Weekend', 'Holiday');

INSERT INTO booking VALUES ('2022-01-01', '13:00 - 14:00', 'Badminton_1', 'jolney0@amazon.de', 'Weekend', 'Holiday');

INSERT INTO booking VALUES ('2022-01-01', '14:00 - 15:00', 'Badminton_1', 'jolney0@amazon.de', 'Weekend', 'Holiday');

INSERT INTO booking VALUES ('2022-01-01', '15:00 - 16:00', 'Badminton_1', 'jolney0@amazon.de', 'Weekend', 'Holiday');

INSERT INTO booking VALUES ('2022-01-01', '16:00 - 17:00', 'Badminton_1', 'jolney0@amazon.de', 'Weekend', 'Holiday');

INSERT INTO booking VALUES ('2022-01-01', '17:00 - 18:00', 'Badminton_1', 'jolney0@amazon.de', 'Weekend', 'Holiday');

INSERT INTO booking VALUES ('2022-01-01', '18:00 - 19:00', 'Badminton_1', 'jolney0@amazon.de', 'Weekend', 'Holiday');